ram0006_jpg.rf.6f3a7c40c3f5663495166a04c31c9326.jpg,136,131,400,400,ram
ram0006_jpg.rf.25a0d4d959dd49e41c8545517e78646e.jpg,16,16,285,280,ram
ram0006_jpg.rf.3ef1cab819f9b940790bc07bae686788.jpg,16,136,285,400,ram
ram0001_jpg.rf.5c73bce16c7450e5e125566dc186807f.jpg,110,96,380,299,ram
ram0004_jpg.rf.4f38bbfd6ab701905d917ef33478bdbd.jpg,46,133,314,371,ram
ram0003_jpg.rf.6cbdfe322073e45aafb52cdc08957f96.jpg,134,17,322,287,ram
ram0004_jpg.rf.74efde29e15a991084339fc4eedac0c8.jpg,103,46,371,284,ram
ram0005_jpg.rf.0e76cca9cd4cdc53393b01ea3b0e11f3.jpg,3,134,405,346,ram
ram0003_jpg.rf.882c7d9faa3c9ba482fd75c8932f7ad6.jpg,94,17,282,287,ram
ram0003_jpg.rf.a7645989c440c92e0ec9f3b1e37c4c6e.jpg,130,94,400,282,ram
ram0005_jpg.rf.ca1b1862daf0ee6417ba859c157c0e2b.jpg,71,3,283,405,ram
ram0001_jpg.rf.d6d0d8526293e5cab0fbb08dded901a9.jpg,117,110,320,380,ram
ram0005_jpg.rf.e56ce3c2558daafb0544fd27edc2520b.jpg,3,71,405,283,ram
ram0004_jpg.rf.f9508a8b0093fab6319a40539fe91238.jpg,46,46,284,314,ram
ram0001_jpg.rf.fe8df84db59e8fb3bd76f3bcfb3a8d09.jpg,96,37,299,307,ram
